Competidor;ModeloNegocio;Tiendas Fisicas;Ventas Online%;MargenOperacional%;Crecimiento2024%;RatioDeuda;Estrategia;Fortaleza;Debilidad
ElectroGigante;Multi-canal (F√≠sica + Online);80;45;7.5;12;0.35;Presencia mixta, e-commerce fuerte;Marca establecida, log√≠stica;Inversion alta en tecnologia
TechOnlineMax;100% E-commerce;0;100;5.2;45;0.15;Puro online, fulfillment rapido;Escalabilidad, bajo costo;Sin experiencia offline
ElectroMercado;Tiendas F√≠sicas + Marketplace;120;25;4.1;-8;0.55;Tradicional, poco digital;Red de tiendas grande;Tecnologia atrasada, deuda alta
MegaStore Digital;Omnichannel (Pick-up en tienda);60;55;6.8;18;0.4;Tienda como hub de logistica;Experiencia integrada, innovation;Costos operacionales altos
Amazon Local;Marketplace + Log√≠stica Propia;5;98;3.5;35;0.2;Dominio de mercado, escala;Capital infinito, tecnología;Competencia sin cuartel
ElectroPro;B2B + Algunos Retail;20;10;8.5;5;0.25;Nicho corporativo, especializacion;Margenes altos, clientes fieles;Mercado pequeño
TecnoElectro;100% E-commerce;38;25;6.2;13.9;0.27;Ventas por Volumen, Margen reducido;Surtido permanente;Poca variedad
Industrias Electricas Nacionales;Omnichannel (Pick-up en tienda);73;15;6.3;12.8;0.25;Valor agregado en servicio posventa;Linea CallCenter;Congestión en tiempos de respuesta
Tecno Smart;B2B + Algunos Retail;108;4;6.3;11.7;0.24;Grandes Superficies y Distribuidores;Bonos a clientes fieles;Logística de entrega deficiente
People Tecnologia;Tiendas F√≠sicas + Marketplace;34;67;12.3;24.8;0.45;IA aplicada a Marketing;Equipo ComunityManager;Dificultades en Garantias